{
    "dock_place_station": {
        "qw": 0.900330448489, 
        "qy": 0.0, 
        "qx": 0.0, 
        "qz": 0.43520694333, 
        "y": 7.36401232207, 
        "x": 5.91434127625, 
        "z": 0.14
    }, 
    "pre_dock_place": {
        "qw": 0.896194697737, 
        "qy": 0.0, 
        "qx": 0.0, 
        "qz": 0.443660978392, 
        "y": 8.37066690025, 
        "x": 6.82859515802, 
        "z": 0.14
    }, 
    "pre_dock_2": {
        "qw": 0.88538856016, 
        "qy": 0.0, 
        "qx": 0.0, 
        "qz": 0.464851694132, 
        "y": 8.48003880186, 
        "x": 6.75326563742, 
        "z": 0.14
    }
}